[{"Location":57,"Name":" 147.27","Frequency":147.27,"Duplex":"+","Offset":0.6,"Tone":"","rToneFreq":88.5,"cToneFreq":88.5,"DtcsCode":23,"DtcsRxCode":23,"DtcsPolarity":"NN","Mode":"FM","TStep":5,"Comment":" 147.27 CO El Paso Colorado Springs"},{"Location":58,"Name":" 449.7","Frequency":449.7,"Duplex":"-","Offset":5,"Tone":"Tone","rToneFreq":107.2,"cToneFreq":88.5,"DtcsCode":23,"DtcsRxCode":23,"DtcsPolarity":"NN","Mode":"FM","TStep":5,"Comment":" 449.7 CO Park Lake George"},{"Location":59,"Name":"AA0L 147.135","Frequency":147.135,"Duplex":"+","Offset":0.6,"Tone":"Tone","rToneFreq":100,"cToneFreq":88.5,"DtcsCode":23,"DtcsRxCode":23,"DtcsPolarity":"NN","Mode":"FM","TStep":5,"Comment":"AA0L 147.135 CO El Paso Colorado Springs"},{"Location":60,"Name":"AA0L 448.3","Frequency":448.3,"Duplex":"-","Offset":5,"Tone":"Tone","rToneFreq":100,"cToneFreq":88.5,"DtcsCode":23,"DtcsRxCode":23,"DtcsPolarity":"NN","Mode":"FM","TStep":5,"Comment":"AA0L 448.3 CO El Paso Colorado Springs"},{"Location":61,"Name":"AB0PC 146.895","Frequency":146.895,"Duplex":"-","Offset":0.6,"Tone":"TSQL","rToneFreq":100,"cToneFreq":100,"DtcsCode":23,"DtcsRxCode":23,"DtcsPolarity":"NN","Mode":"FM","TStep":5,"Comment":"AB0PC 146.895 CO Park Bailey, Dick Mountain"},{"Location":62,"Name":"K0CL 146.67","Frequency":146.67,"Duplex":"-","Offset":0.6,"Tone":"Tone","rToneFreq":107.2,"cToneFreq":88.5,"DtcsCode":23,"DtcsRxCode":23,"DtcsPolarity":"NN","Mode":"FM","TStep":5,"Comment":"K0CL 146.67 CO Pitkin Snowmass Village"},{"Location":63,"Name":"K0ELK 449.725","Frequency":449.725,"Duplex":"-","Offset":5,"Tone":"Tone","rToneFreq":179.9,"cToneFreq":88.5,"DtcsCode":23,"DtcsRxCode":23,"DtcsPolarity":"NN","Mode":"FM","TStep":5,"Comment":"K0ELK 449.725 CO Garfield Carbondale, Four Mile Ridge"},{"Location":64,"Name":"K0EP 146.67","Frequency":146.67,"Duplex":"-","Offset":0.6,"Tone":"Tone","rToneFreq":100,"cToneFreq":88.5,"DtcsCode":23,"DtcsRxCode":23,"DtcsPolarity":"NN","Mode":"FM","TStep":5,"Comment":"K0EP 146.67 CO La Plata Durango, Eagle Pass"},{"Location":65,"Name":"K0EP 146.7","Frequency":146.7,"Duplex":"-","Offset":0.6,"Tone":"TSQL","rToneFreq":100,"cToneFreq":100,"DtcsCode":23,"DtcsRxCode":23,"DtcsPolarity":"NN","Mode":"FM","TStep":5,"Comment":"K0EP 146.7 CO La Plata Durango, Missionary Ridge"},{"Location":66,"Name":"K0EP 449.85","Frequency":449.85,"Duplex":"-","Offset":5,"Tone":"TSQL","rToneFreq":100,"cToneFreq":100,"DtcsCode":23,"DtcsRxCode":23,"DtcsPolarity":"NN","Mode":"FM","TStep":5,"Comment":"K0EP 449.85 CO La Plata Durango"},{"Location":67,"Name":"K0IRP 146.91","Frequency":146.91,"Duplex":"-","Offset":0.6,"Tone":"TSQL","rToneFreq":151.4,"cToneFreq":151.4,"DtcsCode":23,"DtcsRxCode":23,"DtcsPolarity":"NN","Mode":"FM","TStep":5,"Comment":"K0IRP 146.91 CO El Paso Colorado Springs"},{"Location":68,"Name":"K0IRP 447.35","Frequency":447.35,"Duplex":"-","Offset":5,"Tone":"Tone","rToneFreq":151.4,"cToneFreq":88.5,"DtcsCode":23,"DtcsRxCode":23,"DtcsPolarity":"NN","Mode":"FM","TStep":5,"Comment":"K0IRP 447.35 CO El Paso Colorado Springs"},{"Location":69,"Name":"K0JSC 447.25","Frequency":447.25,"Duplex":"-","Offset":5,"Tone":"TSQL","rToneFreq":100,"cToneFreq":100,"DtcsCode":23,"DtcsRxCode":23,"DtcsPolarity":"NN","Mode":"FM","TStep":5,"Comment":"K0JSC 447.25 CO Fremont Canon City, Fremont Peak"},{"Location":70,"Name":"K0JSC 447.275","Frequency":447.275,"Duplex":"-","Offset":5,"Tone":"TSQL","rToneFreq":100,"cToneFreq":100,"DtcsCode":23,"DtcsRxCode":23,"DtcsPolarity":"NN","Mode":"FM","TStep":5,"Comment":"K0JSC 447.275 CO Pueblo Pueblo, Metro"},{"Location":71,"Name":"K0JSC 447.975","Frequency":447.975,"Duplex":"-","Offset":5,"Tone":"TSQL","rToneFreq":100,"cToneFreq":100,"DtcsCode":23,"DtcsRxCode":23,"DtcsPolarity":"NN","Mode":"FM","TStep":5,"Comment":"K0JSC 447.975 CO Fremont Canon City, Colorado"},{"Location":72,"Name":"K0JSC 448.325","Frequency":448.325,"Duplex":"-","Offset":5,"Tone":"TSQL","rToneFreq":100,"cToneFreq":100,"DtcsCode":23,"DtcsRxCode":23,"DtcsPolarity":"NN","Mode":"FM","TStep":5,"Comment":"K0JSC 448.325 CO Custer Westcliffe"},{"Location":73,"Name":"K0JSC 448.975","Frequency":448.975,"Duplex":"-","Offset":5,"Tone":"TSQL","rToneFreq":100,"cToneFreq":100,"DtcsCode":23,"DtcsRxCode":23,"DtcsPolarity":"NN","Mode":"FM","TStep":5,"Comment":"K0JSC 448.975 CO Pueblo Pueblo West"},{"Location":74,"Name":"K0JSC 449.975","Frequency":449.975,"Duplex":"-","Offset":5,"Tone":"TSQL","rToneFreq":100,"cToneFreq":100,"DtcsCode":23,"DtcsRxCode":23,"DtcsPolarity":"NN","Mode":"FM","TStep":5,"Comment":"K0JSC 449.975 CO Chaffee Salida, Methodist Mountain"},{"Location":75,"Name":"K0JSC 449.975","Frequency":449.975,"Duplex":"-","Offset":5,"Tone":"TSQL","rToneFreq":100,"cToneFreq":100,"DtcsCode":23,"DtcsRxCode":23,"DtcsPolarity":"NN","Mode":"FM","TStep":5,"Comment":"K0JSC 449.975 CO Douglas Larkspur, Westcreek"},{"Location":76,"Name":"K0JSC 449.975","Frequency":449.975,"Duplex":"-","Offset":5,"Tone":"TSQL","rToneFreq":100,"cToneFreq":100,"DtcsCode":23,"DtcsRxCode":23,"DtcsPolarity":"NN","Mode":"FM","TStep":5,"Comment":"K0JSC 449.975 CO Fremont Canon City, Canon City"},{"Location":77,"Name":"K0JSC 449.975","Frequency":449.975,"Duplex":"-","Offset":5,"Tone":"TSQL","rToneFreq":100,"cToneFreq":100,"DtcsCode":23,"DtcsRxCode":23,"DtcsPolarity":"NN","Mode":"FM","TStep":5,"Comment":"K0JSC 449.975 CO Pueblo Pueblo, Cedarwood"},{"Location":78,"Name":"K0NR 447.725","Frequency":447.725,"Duplex":"-","Offset":5,"Tone":"TSQL","rToneFreq":100,"cToneFreq":100,"DtcsCode":23,"DtcsRxCode":23,"DtcsPolarity":"NN","Mode":"FM","TStep":5,"Comment":"K0NR 447.725 CO El Paso Monument, Monument Hill"},{"Location":79,"Name":"K0RV 146.61","Frequency":146.61,"Duplex":"-","Offset":0.6,"Tone":"Tone","rToneFreq":107.2,"cToneFreq":88.5,"DtcsCode":23,"DtcsRxCode":23,"DtcsPolarity":"NN","Mode":"FM","TStep":5,"Comment":"K0RV 146.61 CO Eagle Vail, Bald Mountain"},{"Location":80,"Name":"K0SNO 147.39","Frequency":147.39,"Duplex":"+","Offset":0.6,"Tone":"Tone","rToneFreq":107.2,"cToneFreq":88.5,"DtcsCode":23,"DtcsRxCode":23,"DtcsPolarity":"NN","Mode":"FM","TStep":5,"Comment":"K0SNO 147.39 CO Garfield Carbondale, Four Mile Ridge"},{"Location":81,"Name":"K0ST 146.655","Frequency":146.655,"Duplex":"-","Offset":0.6,"Tone":"Tone","rToneFreq":123,"cToneFreq":88.5,"DtcsCode":23,"DtcsRxCode":23,"DtcsPolarity":"NN","Mode":"FM","TStep":5,"Comment":"K0ST 146.655 CO Pueblo Pueblo, Pueblo"},{"Location":82,"Name":"K0VQ 447.05","Frequency":447.05,"Duplex":"-","Offset":5,"Tone":"TSQL","rToneFreq":136.5,"cToneFreq":136.5,"DtcsCode":23,"DtcsRxCode":23,"DtcsPolarity":"NN","Mode":"FM","TStep":5,"Comment":"K0VQ 447.05 CO Pitkin Aspen, Aspen Mountain"},{"Location":83,"Name":"K0VQ 447.15","Frequency":447.15,"Duplex":"-","Offset":5,"Tone":"Tone","rToneFreq":136.5,"cToneFreq":88.5,"DtcsCode":23,"DtcsRxCode":23,"DtcsPolarity":"NN","Mode":"FM","TStep":5,"Comment":"K0VQ 447.15 CO Garfield Carbondale, Missouri Heights"},{"Location":84,"Name":"K1DUN 449.45","Frequency":449.45,"Duplex":"-","Offset":5,"Tone":"Cross","rToneFreq":103.5,"cToneFreq":127.3,"DtcsCode":23,"DtcsRxCode":23,"DtcsPolarity":"NN","Mode":"FM","TStep":5,"Comment":"K1DUN 449.45 CO Clear Creek Idaho Springs, Squaw Mountain"},{"Location":85,"Name":"K5GF 449.95","Frequency":449.95,"Duplex":"-","Offset":5,"Tone":"","rToneFreq":88.5,"cToneFreq":88.5,"DtcsCode":23,"DtcsRxCode":23,"DtcsPolarity":"NN","Mode":"FM","TStep":5,"Comment":"K5GF 449.95 CO Gunnison Gunnison"},{"Location":86,"Name":"KA0TTF 448.725","Frequency":448.725,"Duplex":"-","Offset":5,"Tone":"Tone","rToneFreq":123,"cToneFreq":88.5,"DtcsCode":23,"DtcsRxCode":23,"DtcsPolarity":"NN","Mode":"FM","TStep":5,"Comment":"KA0TTF 448.725 CO El Paso Colorado Springs, Fillmore Hill"},{"Location":87,"Name":"KA0WUC 145.415","Frequency":145.415,"Duplex":"-","Offset":0.6,"Tone":"Tone","rToneFreq":179.9,"cToneFreq":88.5,"DtcsCode":23,"DtcsRxCode":23,"DtcsPolarity":"NN","Mode":"FM","TStep":5,"Comment":"KA0WUC 145.415 CO Teller Woodland Park"},{"Location":88,"Name":"KA0WUC 447.675","Frequency":447.675,"Duplex":"-","Offset":5,"Tone":"TSQL","rToneFreq":179.9,"cToneFreq":179.9,"DtcsCode":23,"DtcsRxCode":23,"DtcsPolarity":"NN","Mode":"FM","TStep":5,"Comment":"KA0WUC 447.675 CO Teller Woodland Park"},{"Location":89,"Name":"KA0WUC 449.025","Frequency":449.025,"Duplex":"-","Offset":5,"Tone":"Tone","rToneFreq":141.3,"cToneFreq":88.5,"DtcsCode":23,"DtcsRxCode":23,"DtcsPolarity":"NN","Mode":"FM","TStep":5,"Comment":"KA0WUC 449.025 CO Teller Woodland Park"},{"Location":90,"Name":"KA4EPS 449.325","Frequency":449.325,"Duplex":"-","Offset":5,"Tone":"TSQL","rToneFreq":103.5,"cToneFreq":103.5,"DtcsCode":23,"DtcsRxCode":23,"DtcsPolarity":"NN","Mode":"FM","TStep":5,"Comment":"KA4EPS 449.325 CO Teller Woodland Park, Paradise Pines"},{"Location":91,"Name":"KB0SRJ 146.97","Frequency":146.97,"Duplex":"-","Offset":0.6,"Tone":"Cross","rToneFreq":100,"cToneFreq":123,"DtcsCode":23,"DtcsRxCode":23,"DtcsPolarity":"NN","Mode":"FM","TStep":5,"Comment":"KB0SRJ 146.97 CO El Paso Colorado Springs, Pikes Peak"},{"Location":92,"Name":"KB0SRJ 448.45","Frequency":448.45,"Duplex":"-","Offset":5,"Tone":"Tone","rToneFreq":100,"cToneFreq":88.5,"DtcsCode":23,"DtcsRxCode":23,"DtcsPolarity":"NN","Mode":"FM","TStep":5,"Comment":"KB0SRJ 448.45 CO El Paso Colorado Springs, Pikes Peak"},{"Location":93,"Name":"KB0TUC 147.06","Frequency":147.06,"Duplex":"+","Offset":0.6,"Tone":"TSQL","rToneFreq":77,"cToneFreq":77,"DtcsCode":23,"DtcsRxCode":23,"DtcsPolarity":"NN","Mode":"FM","TStep":5,"Comment":"KB0TUC 147.06 CO Custer Westcliffe"},{"Location":94,"Name":"KB0TUC 448.15","Frequency":448.15,"Duplex":"-","Offset":5,"Tone":"TSQL","rToneFreq":103.5,"cToneFreq":103.5,"DtcsCode":23,"DtcsRxCode":23,"DtcsPolarity":"NN","Mode":"FM","TStep":5,"Comment":"KB0TUC 448.15 CO Custer Westcliffe"},{"Location":95,"Name":"KB0UDD 146.67","Frequency":146.67,"Duplex":"-","Offset":0.6,"Tone":"TSQL","rToneFreq":100,"cToneFreq":100,"DtcsCode":23,"DtcsRxCode":23,"DtcsPolarity":"NN","Mode":"FM","TStep":5,"Comment":"KB0UDD 146.67 CO Clear Creek Idaho Springs, Squaw Mountain"},{"Location":96,"Name":"KB0VJJ 145.13","Frequency":145.13,"Duplex":"-","Offset":0.6,"Tone":"Cross","rToneFreq":88.5,"cToneFreq":123,"DtcsCode":23,"DtcsRxCode":23,"DtcsPolarity":"NN","Mode":"FM","TStep":5,"Comment":"KB0VJJ 145.13 CO El Paso Colorado Springs, Cheyenne Mountain"},{"Location":97,"Name":"KB0VJJ 145.445","Frequency":145.445,"Duplex":"-","Offset":0.6,"Tone":"Tone","rToneFreq":88.5,"cToneFreq":88.5,"DtcsCode":23,"DtcsRxCode":23,"DtcsPolarity":"NN","Mode":"FM","TStep":5,"Comment":"KB0VJJ 145.445 CO Lake Leadville, Mosquito Pass"},{"Location":98,"Name":"KB0VJJ 146.85","Frequency":146.85,"Duplex":"-","Offset":0.6,"Tone":"Cross","rToneFreq":88.5,"cToneFreq":123,"DtcsCode":23,"DtcsRxCode":23,"DtcsPolarity":"NN","Mode":"FM","TStep":5,"Comment":"KB0VJJ 146.85 CO Garfield Glenwood Springs, Sunlight Peak"},{"Location":99,"Name":"KB0VJJ 147.285","Frequency":147.285,"Duplex":"+","Offset":0.6,"Tone":"Cross","rToneFreq":88.5,"cToneFreq":123,"DtcsCode":23,"DtcsRxCode":23,"DtcsPolarity":"NN","Mode":"FM","TStep":5,"Comment":"KB0VJJ 147.285 CO Chaffee Salida, Methodist Mountain"},{"Location":100,"Name":"KB0VJJ 147.345","Frequency":147.345,"Duplex":"+","Offset":0.6,"Tone":"Cross","rToneFreq":88.5,"cToneFreq":123,"DtcsCode":23,"DtcsRxCode":23,"DtcsPolarity":"NN","Mode":"FM","TStep":5,"Comment":"KB0VJJ 147.345 CO Eagle Vail"},{"Location":101,"Name":"KB0VJJ 147.345","Frequency":147.345,"Duplex":"+","Offset":0.6,"Tone":"Cross","rToneFreq":88.5,"cToneFreq":123,"DtcsCode":23,"DtcsRxCode":23,"DtcsPolarity":"NN","Mode":"FM","TStep":5,"Comment":"KB0VJJ 147.345 CO La Plata Durango, Missionary Ridge"},{"Location":102,"Name":"KB0VJJ 147.39","Frequency":147.39,"Duplex":"+","Offset":0.6,"Tone":"Cross","rToneFreq":88.5,"cToneFreq":123,"DtcsCode":23,"DtcsRxCode":23,"DtcsPolarity":"NN","Mode":"FM","TStep":5,"Comment":"KB0VJJ 147.39 CO Summit Breckenridge, Bald Mountain"},{"Location":103,"Name":"KB0YNA 447.65","Frequency":447.65,"Duplex":"-","Offset":5,"Tone":"TSQL","rToneFreq":151.4,"cToneFreq":151.4,"DtcsCode":23,"DtcsRxCode":23,"DtcsPolarity":"NN","Mode":"FM","TStep":5,"Comment":"KB0YNA 447.65 CO Gunnison Gunnison, W Mountain or Tenderfoot Mountain"},{"Location":104,"Name":"KB0YNA 448.65","Frequency":448.65,"Duplex":"-","Offset":5,"Tone":"TSQL","rToneFreq":88.5,"cToneFreq":151.4,"DtcsCode":23,"DtcsRxCode":23,"DtcsPolarity":"NN","Mode":"FM","TStep":5,"Comment":"KB0YNA 448.65 CO Montrose Montrose, Waterdog Peak"},{"Location":105,"Name":"KB0YNA 449.7","Frequency":449.7,"Duplex":"-","Offset":5,"Tone":"TSQL","rToneFreq":107.2,"cToneFreq":107.2,"DtcsCode":23,"DtcsRxCode":23,"DtcsPolarity":"NN","Mode":"FM","TStep":5,"Comment":"KB0YNA 449.7 CO San Miguel Telluride, Gray Head"},{"Location":106,"Name":"KB5ITS 145.325","Frequency":145.325,"Duplex":"-","Offset":0.6,"Tone":"Tone","rToneFreq":127.3,"cToneFreq":88.5,"DtcsCode":23,"DtcsRxCode":23,"DtcsPolarity":"NN","Mode":"FM","TStep":5,"Comment":"KB5ITS 145.325 CO San Juan Silverton, Buffalo Boy"},{"Location":107,"Name":"KB5ITS 147.135","Frequency":147.135,"Duplex":"-","Offset":0.6,"Tone":"Tone","rToneFreq":123,"cToneFreq":88.5,"DtcsCode":23,"DtcsRxCode":23,"DtcsPolarity":"NN","Mode":"FM","TStep":5,"Comment":"KB5ITS 147.135 CO Hinsdale Lake City, Hill 71"},{"Location":108,"Name":"KB5ITS 147.135","Frequency":147.135,"Duplex":"+","Offset":0.6,"Tone":"TSQL","rToneFreq":100,"cToneFreq":100,"DtcsCode":23,"DtcsRxCode":23,"DtcsPolarity":"NN","Mode":"FM","TStep":5,"Comment":"KB5ITS 147.135 CO La Plata Durango, Smelter Mountain"},{"Location":109,"Name":"KB5ITS 147.15","Frequency":147.15,"Duplex":"+","Offset":0.6,"Tone":"Tone","rToneFreq":100,"cToneFreq":88.5,"DtcsCode":23,"DtcsRxCode":23,"DtcsPolarity":"NN","Mode":"FM","TStep":5,"Comment":"KB5ITS 147.15 CO La Plata Ignacio, Spring Creek"},{"Location":110,"Name":"KB5ITS 147.27","Frequency":147.27,"Duplex":"+","Offset":0.6,"Tone":"Tone","rToneFreq":127.3,"cToneFreq":88.5,"DtcsCode":23,"DtcsRxCode":23,"DtcsPolarity":"NN","Mode":"FM","TStep":5,"Comment":"KB5ITS 147.27 CO Ouray Ouray, Engineer Mountain"},{"Location":111,"Name":"KB5ITS 147.375","Frequency":147.375,"Duplex":"+","Offset":0.6,"Tone":"Tone","rToneFreq":156.7,"cToneFreq":88.5,"DtcsCode":23,"DtcsRxCode":23,"DtcsPolarity":"NN","Mode":"FM","TStep":5,"Comment":"KB5ITS 147.375 CO San Juan Silverton, Kendall Mountain"},{"Location":112,"Name":"KB5ITS 444","Frequency":444,"Duplex":"+","Offset":5,"Tone":"Tone","rToneFreq":67,"cToneFreq":88.5,"DtcsCode":23,"DtcsRxCode":23,"DtcsPolarity":"NN","Mode":"FM","TStep":5,"Comment":"KB5ITS 444 CO Huerfano Silverton, Hazelton"},{"Location":113,"Name":"KB5ITS 447.525","Frequency":447.525,"Duplex":"-","Offset":5,"Tone":"Tone","rToneFreq":127.3,"cToneFreq":88.5,"DtcsCode":23,"DtcsRxCode":23,"DtcsPolarity":"NN","Mode":"FM","TStep":5,"Comment":"KB5ITS 447.525 CO San Juan Silverton"},{"Location":114,"Name":"KB5ITT 147.27","Frequency":147.27,"Duplex":"+","Offset":0.6,"Tone":"Tone","rToneFreq":127.3,"cToneFreq":88.5,"DtcsCode":23,"DtcsRxCode":23,"DtcsPolarity":"NN","Mode":"FM","TStep":5,"Comment":"KB5ITT 147.27 CO San Juan Silverton, Engineer Mountain"},{"Location":115,"Name":"KC0CVU 145.295","Frequency":145.295,"Duplex":"-","Offset":0.6,"Tone":"Tone","rToneFreq":107.2,"cToneFreq":88.5,"DtcsCode":23,"DtcsRxCode":23,"DtcsPolarity":"NN","Mode":"FM","TStep":5,"Comment":"KC0CVU 145.295 CO Chaffee Salida, Methodist Mountain"},{"Location":116,"Name":"KC0CVU 146.76","Frequency":146.76,"Duplex":"-","Offset":0.6,"Tone":"TSQL","rToneFreq":107.2,"cToneFreq":107.2,"DtcsCode":23,"DtcsRxCode":23,"DtcsPolarity":"NN","Mode":"FM","TStep":5,"Comment":"KC0CVU 146.76 CO El Paso Colorado Springs, Cheyenne Mountain"},{"Location":117,"Name":"KC0CVU 147.345","Frequency":147.345,"Duplex":"+","Offset":0.6,"Tone":"TSQL","rToneFreq":107.2,"cToneFreq":107.2,"DtcsCode":23,"DtcsRxCode":23,"DtcsPolarity":"NN","Mode":"FM","TStep":5,"Comment":"KC0CVU 147.345 CO El Paso Colorado Springs, Cheyenne Mountain"},{"Location":118,"Name":"KC0CVU 147.36","Frequency":147.36,"Duplex":"+","Offset":0.6,"Tone":"TSQL","rToneFreq":107.2,"cToneFreq":107.2,"DtcsCode":23,"DtcsRxCode":23,"DtcsPolarity":"NN","Mode":"FM","TStep":5,"Comment":"KC0CVU 147.36 CO Park Lake George, Badger Mountain"},{"Location":119,"Name":"KC0CVU 448","Frequency":448,"Duplex":"-","Offset":5,"Tone":"Tone","rToneFreq":107.2,"cToneFreq":88.5,"DtcsCode":23,"DtcsRxCode":23,"DtcsPolarity":"NN","Mode":"FM","TStep":5,"Comment":"KC0CVU 448 CO El Paso Colorado Springs, Cheyenne Mountain"},{"Location":120,"Name":"KC0CVU 448.1","Frequency":448.1,"Duplex":"-","Offset":5,"Tone":"TSQL","rToneFreq":107.2,"cToneFreq":107.2,"DtcsCode":23,"DtcsRxCode":23,"DtcsPolarity":"NN","Mode":"FM","TStep":5,"Comment":"KC0CVU 448.1 CO El Paso Colorado Springs, Cheyenne Mountain"},{"Location":121,"Name":"KC0CVU 449.625","Frequency":449.625,"Duplex":"-","Offset":5,"Tone":"Tone","rToneFreq":107.2,"cToneFreq":88.5,"DtcsCode":23,"DtcsRxCode":23,"DtcsPolarity":"NN","Mode":"FM","TStep":5,"Comment":"KC0CVU 449.625 CO Custer Pueblo, Deer Peak"},{"Location":122,"Name":"KC0CVU 449.65","Frequency":449.65,"Duplex":"-","Offset":5,"Tone":"Tone","rToneFreq":107.2,"cToneFreq":88.5,"DtcsCode":23,"DtcsRxCode":23,"DtcsPolarity":"NN","Mode":"FM","TStep":5,"Comment":"KC0CVU 449.65 CO Chaffee Salida, Methodist Mountain"},{"Location":123,"Name":"KC0QXX 147.195","Frequency":147.195,"Duplex":"+","Offset":0.6,"Tone":"Tone","rToneFreq":107.2,"cToneFreq":88.5,"DtcsCode":23,"DtcsRxCode":23,"DtcsPolarity":"NN","Mode":"FM","TStep":5,"Comment":"KC0QXX 147.195 CO Delta Cedaredge, Cedar Mesa"},{"Location":124,"Name":"KC0UUX 146.91","Frequency":146.91,"Duplex":"-","Offset":0.6,"Tone":"TSQL","rToneFreq":107.2,"cToneFreq":107.2,"DtcsCode":23,"DtcsRxCode":23,"DtcsPolarity":"NN","Mode":"FM","TStep":5,"Comment":"KC0UUX 146.91 CO Montrose Montrose"},{"Location":125,"Name":"KC5EVE 448.625","Frequency":448.625,"Duplex":"-","Offset":5,"Tone":"TSQL","rToneFreq":131.8,"cToneFreq":131.8,"DtcsCode":23,"DtcsRxCode":23,"DtcsPolarity":"NN","Mode":"FM","TStep":5,"Comment":"KC5EVE 448.625 CO La Plata Durango"},{"Location":126,"Name":"KD0MDP 447.625","Frequency":447.625,"Duplex":"-","Offset":5,"Tone":"TSQL","rToneFreq":100,"cToneFreq":100,"DtcsCode":23,"DtcsRxCode":23,"DtcsPolarity":"NN","Mode":"FM","TStep":5,"Comment":"KD0MDP 447.625 CO El Paso Falcon, Black Forest"},{"Location":127,"Name":"KD0MRC 145.325","Frequency":145.325,"Duplex":"-","Offset":0.6,"Tone":"Tone","rToneFreq":100,"cToneFreq":88.5,"DtcsCode":23,"DtcsRxCode":23,"DtcsPolarity":"NN","Mode":"FM","TStep":5,"Comment":"KD0MRC 145.325 CO Chaffee Maysville, CO"},{"Location":128,"Name":"KD5OPD 146.79","Frequency":146.79,"Duplex":"-","Offset":0.6,"Tone":"TSQL","rToneFreq":107.2,"cToneFreq":107.2,"DtcsCode":23,"DtcsRxCode":23,"DtcsPolarity":"NN","Mode":"FM","TStep":5,"Comment":"KD5OPD 146.79 CO Montrose Montrose"},{"Location":129,"Name":"KE4GUQ 145.34","Frequency":145.34,"Duplex":"-","Offset":0.6,"Tone":"Cross","rToneFreq":103.5,"cToneFreq":127.3,"DtcsCode":23,"DtcsRxCode":23,"DtcsPolarity":"NN","Mode":"FM","TStep":5,"Comment":"KE4GUQ 145.34 CO Jefferson Evergreen"},{"Location":130,"Name":"KF5PFO 145.25","Frequency":145.25,"Duplex":"-","Offset":0.6,"Tone":"Tone","rToneFreq":123,"cToneFreq":88.5,"DtcsCode":23,"DtcsRxCode":23,"DtcsPolarity":"NN","Mode":"FM","TStep":5,"Comment":"KF5PFO 145.25 NM Taos Red River, Valle Vidal"},{"Location":131,"Name":"KF5PFO 145.39","Frequency":145.39,"Duplex":"-","Offset":0.6,"Tone":"Tone","rToneFreq":100,"cToneFreq":88.5,"DtcsCode":23,"DtcsRxCode":23,"DtcsPolarity":"NN","Mode":"FM","TStep":5,"Comment":"KF5PFO 145.39 NM Taos Red River, Molycorp"},{"Location":132,"Name":"KF5PFO 146.76","Frequency":146.76,"Duplex":"-","Offset":0.6,"Tone":"Tone","rToneFreq":67,"cToneFreq":88.5,"DtcsCode":23,"DtcsRxCode":23,"DtcsPolarity":"NN","Mode":"FM","TStep":5,"Comment":"KF5PFO 146.76 NM Rio Arriba Tres Piedras,  San Antonio Mountain"},{"Location":133,"Name":"KF5PFO 146.76","Frequency":146.76,"Duplex":"-","Offset":0.6,"Tone":"Tone","rToneFreq":67,"cToneFreq":88.5,"DtcsCode":23,"DtcsRxCode":23,"DtcsPolarity":"NN","Mode":"FM","TStep":5,"Comment":"KF5PFO 146.76 NM Taos Tres Piedras, San Antonio Mountain"},{"Location":134,"Name":"KI0G 146.88","Frequency":146.88,"Duplex":"-","Offset":0.6,"Tone":"Tone","rToneFreq":107.2,"cToneFreq":88.5,"DtcsCode":23,"DtcsRxCode":23,"DtcsPolarity":"NN","Mode":"FM","TStep":5,"Comment":"KI0G 146.88 CO Garfield Glenwood Springs, Sunlight Peak"},{"Location":135,"Name":"KI0G 447.1","Frequency":447.1,"Duplex":"-","Offset":5,"Tone":"Tone","rToneFreq":107.2,"cToneFreq":88.5,"DtcsCode":23,"DtcsRxCode":23,"DtcsPolarity":"NN","Mode":"FM","TStep":5,"Comment":"KI0G 447.1 CO Garfield Glenwood Springs, Sunlight Peak"},{"Location":136,"Name":"KI0MR 147.33","Frequency":147.33,"Duplex":"+","Offset":0.6,"Tone":"Tone","rToneFreq":107.2,"cToneFreq":88.5,"DtcsCode":23,"DtcsRxCode":23,"DtcsPolarity":"NN","Mode":"FM","TStep":5,"Comment":"KI0MR 147.33 CO Delta Paonia"},{"Location":137,"Name":"N0AFO 224.8","Frequency":224.8,"Duplex":"-","Offset":1.6,"Tone":"","rToneFreq":88.5,"cToneFreq":88.5,"DtcsCode":23,"DtcsRxCode":23,"DtcsPolarity":"NN","Mode":"FM","TStep":5,"Comment":"N0AFO 224.8 CO Eagle Vail"},{"Location":138,"Name":"N0ARA 147.12","Frequency":147.12,"Duplex":"+","Offset":0.6,"Tone":"TSQL","rToneFreq":88.5,"cToneFreq":88.5,"DtcsCode":23,"DtcsRxCode":23,"DtcsPolarity":"NN","Mode":"FM","TStep":5,"Comment":"N0ARA 147.12 CO Jefferson Critchell, Critchell Mountain"},{"Location":139,"Name":"N0ESQ 447.525","Frequency":447.525,"Duplex":"-","Offset":5,"Tone":"TSQL","rToneFreq":146.2,"cToneFreq":146.2,"DtcsCode":23,"DtcsRxCode":23,"DtcsPolarity":"NN","Mode":"FM","TStep":5,"Comment":"N0ESQ 447.525 CO Douglas Castle Rock, Devils Head (Pike National Forest)"},{"Location":140,"Name":"N0JPX 145.355","Frequency":145.355,"Duplex":"-","Offset":0.6,"Tone":"Tone","rToneFreq":100,"cToneFreq":88.5,"DtcsCode":23,"DtcsRxCode":23,"DtcsPolarity":"NN","Mode":"FM","TStep":5,"Comment":"N0JPX 145.355 CO Huerfano La Veta"},{"Location":141,"Name":"N0JSP 146.61","Frequency":146.61,"Duplex":"-","Offset":0.6,"Tone":"Tone","rToneFreq":123,"cToneFreq":88.5,"DtcsCode":23,"DtcsRxCode":23,"DtcsPolarity":"NN","Mode":"FM","TStep":5,"Comment":"N0JSP 146.61 CO Archuleta Pagosa Springs, Oakbrush Hill"},{"Location":142,"Name":"N0KG 448.25","Frequency":448.25,"Duplex":"-","Offset":5,"Tone":"Tone","rToneFreq":123,"cToneFreq":88.5,"DtcsCode":23,"DtcsRxCode":23,"DtcsPolarity":"NN","Mode":"FM","TStep":5,"Comment":"N0KG 448.25 CO El Paso Colorado Springs, Broadmoor Area"},{"Location":143,"Name":"N0KM 146.64","Frequency":146.64,"Duplex":"-","Offset":0.6,"Tone":"TSQL","rToneFreq":77,"cToneFreq":77,"DtcsCode":23,"DtcsRxCode":23,"DtcsPolarity":"NN","Mode":"FM","TStep":5,"Comment":"N0KM 146.64 CO Rio Grande Center"},{"Location":144,"Name":"N0KM 447.1","Frequency":447.1,"Duplex":"-","Offset":5,"Tone":"Tone","rToneFreq":77,"cToneFreq":88.5,"DtcsCode":23,"DtcsRxCode":23,"DtcsPolarity":"NN","Mode":"FM","TStep":5,"Comment":"N0KM 447.1 CO Saguache Center"},{"Location":145,"Name":"N0OWY 447.5","Frequency":447.5,"Duplex":"-","Offset":5,"Tone":"TSQL","rToneFreq":88.5,"cToneFreq":88.5,"DtcsCode":23,"DtcsRxCode":23,"DtcsPolarity":"NN","Mode":"FM","TStep":5,"Comment":"N0OWY 447.5 CO Jefferson Conifer, Critchell Mountain"},{"Location":146,"Name":"N0PKT 449.525","Frequency":449.525,"Duplex":"-","Offset":5,"Tone":"TSQL","rToneFreq":100,"cToneFreq":100,"DtcsCode":23,"DtcsRxCode":23,"DtcsPolarity":"NN","Mode":"FM","TStep":5,"Comment":"N0PKT 449.525 CO Mineral Creede, Bristol Head"},{"Location":147,"Name":"N0PWZ 449.725","Frequency":449.725,"Duplex":"-","Offset":5,"Tone":"Tone","rToneFreq":100,"cToneFreq":88.5,"DtcsCode":23,"DtcsRxCode":23,"DtcsPolarity":"NN","Mode":"FM","TStep":5,"Comment":"N0PWZ 449.725 CO El Paso Palmer Divide"},{"Location":148,"Name":"N0PYY 147.3","Frequency":147.3,"Duplex":"+","Offset":0.6,"Tone":"TSQL","rToneFreq":103.5,"cToneFreq":103.5,"DtcsCode":23,"DtcsRxCode":23,"DtcsPolarity":"NN","Mode":"FM","TStep":5,"Comment":"N0PYY 147.3 CO Clear Creek Evergreen, Squaw Mountain"},{"Location":149,"Name":"N0SZ 448.225","Frequency":448.225,"Duplex":"-","Offset":5,"Tone":"TSQL","rToneFreq":141.3,"cToneFreq":141.3,"DtcsCode":23,"DtcsRxCode":23,"DtcsPolarity":"NN","Mode":"FM","TStep":5,"Comment":"N0SZ 448.225 CO Clear Creek Idaho Springs, Squaw Mountain"},{"Location":150,"Name":"N0XLF 145.19","Frequency":145.19,"Duplex":"-","Offset":0.6,"Tone":"TSQL","rToneFreq":131.8,"cToneFreq":131.8,"DtcsCode":23,"DtcsRxCode":23,"DtcsPolarity":"NN","Mode":"FM","TStep":5,"Comment":"N0XLF 145.19 CO Douglas Palmer Lake, Monument Hill"},{"Location":151,"Name":"N0XLI 449.6","Frequency":449.6,"Duplex":"-","Offset":5,"Tone":"Tone","rToneFreq":107.2,"cToneFreq":88.5,"DtcsCode":23,"DtcsRxCode":23,"DtcsPolarity":"NN","Mode":"FM","TStep":5,"Comment":"N0XLI 449.6 CO Garfield Glenwood Springs, Sunlight Peak"},{"Location":152,"Name":"N0ZSN 449.75","Frequency":449.75,"Duplex":"-","Offset":5,"Tone":"TSQL","rToneFreq":100,"cToneFreq":100,"DtcsCode":23,"DtcsRxCode":23,"DtcsPolarity":"NN","Mode":"FM","TStep":5,"Comment":"N0ZSN 449.75 CO Las Animas La Veta, Cordova Pass"},{"Location":153,"Name":"N5TSV 444.975","Frequency":444.975,"Duplex":"+","Offset":5,"Tone":"Tone","rToneFreq":123,"cToneFreq":88.5,"DtcsCode":23,"DtcsRxCode":23,"DtcsPolarity":"NN","Mode":"FM","TStep":5,"Comment":"N5TSV 444.975 NM Taos Taos, Wheeler Peak"},{"Location":154,"Name":"ND0Q 146.73","Frequency":146.73,"Duplex":"-","Offset":0.6,"Tone":"Tone","rToneFreq":88.5,"cToneFreq":88.5,"DtcsCode":23,"DtcsRxCode":23,"DtcsPolarity":"NN","Mode":"FM","TStep":5,"Comment":"ND0Q 146.73 CO Huerfano Walsenburg, N Rattlesnake Butte"},{"Location":155,"Name":"ND0Q 146.79","Frequency":146.79,"Duplex":"-","Offset":0.6,"Tone":"Tone","rToneFreq":88.5,"cToneFreq":88.5,"DtcsCode":23,"DtcsRxCode":23,"DtcsPolarity":"NN","Mode":"FM","TStep":5,"Comment":"ND0Q 146.79 CO Pueblo Pueblo, Baculite Mesa"},{"Location":156,"Name":"ND0Q 146.88","Frequency":146.88,"Duplex":"-","Offset":0.6,"Tone":"Tone","rToneFreq":88.5,"cToneFreq":88.5,"DtcsCode":23,"DtcsRxCode":23,"DtcsPolarity":"NN","Mode":"FM","TStep":5,"Comment":"ND0Q 146.88 CO Pueblo Pueblo, Deer Peak"},{"Location":157,"Name":"ND0Q 447.95","Frequency":447.95,"Duplex":"-","Offset":5,"Tone":"Tone","rToneFreq":88.5,"cToneFreq":88.5,"DtcsCode":23,"DtcsRxCode":23,"DtcsPolarity":"NN","Mode":"FM","TStep":5,"Comment":"ND0Q 447.95 CO Pueblo Pueblo"},{"Location":158,"Name":"NM5EM 147.04","Frequency":147.04,"Duplex":"+","Offset":0.6,"Tone":"Tone","rToneFreq":141.3,"cToneFreq":88.5,"DtcsCode":23,"DtcsRxCode":23,"DtcsPolarity":"NN","Mode":"FM","TStep":5,"Comment":"NM5EM 147.04 NM Colfax Eagle Nest, Touch Me Not"},{"Location":159,"Name":"NM5ML 147.14","Frequency":147.14,"Duplex":"+","Offset":0.6,"Tone":"Tone","rToneFreq":67,"cToneFreq":88.5,"DtcsCode":23,"DtcsRxCode":23,"DtcsPolarity":"NN","Mode":"FM","TStep":5,"Comment":"NM5ML 147.14 NM Taos Taos, Ski Valley"},{"Location":160,"Name":"NM5ML 147.22","Frequency":147.22,"Duplex":"+","Offset":0.6,"Tone":"Tone","rToneFreq":100,"cToneFreq":88.5,"DtcsCode":23,"DtcsRxCode":23,"DtcsPolarity":"NN","Mode":"FM","TStep":5,"Comment":"NM5ML 147.22 NM Rio Arriba Tres Piedras, San Antonio Mountain"},{"Location":161,"Name":"NM5ML 444.35","Frequency":444.35,"Duplex":"+","Offset":5,"Tone":"Tone","rToneFreq":100,"cToneFreq":88.5,"DtcsCode":23,"DtcsRxCode":23,"DtcsPolarity":"NN","Mode":"FM","TStep":5,"Comment":"NM5ML 444.35 NM Colfax Eagle Nest, Iron Mountain"},{"Location":162,"Name":"NM5SJ 145.43","Frequency":145.43,"Duplex":"-","Offset":0.6,"Tone":"Tone","rToneFreq":136.5,"cToneFreq":88.5,"DtcsCode":23,"DtcsRxCode":23,"DtcsPolarity":"NN","Mode":"FM","TStep":5,"Comment":"NM5SJ 145.43 NM Rio Arriba Dulce"},{"Location":163,"Name":"NX0G 146.685","Frequency":146.685,"Duplex":"-","Offset":0.6,"Tone":"TSQL","rToneFreq":107.2,"cToneFreq":107.2,"DtcsCode":23,"DtcsRxCode":23,"DtcsPolarity":"NN","Mode":"FM","TStep":5,"Comment":"NX0G 146.685 CO Park Lake George, Badger Mountain"},{"Location":164,"Name":"NX0G 146.82","Frequency":146.82,"Duplex":"-","Offset":0.6,"Tone":"Tone","rToneFreq":107.2,"cToneFreq":88.5,"DtcsCode":23,"DtcsRxCode":23,"DtcsPolarity":"NN","Mode":"FM","TStep":5,"Comment":"NX0G 146.82 CO Teller Woodland Park"},{"Location":165,"Name":"NX0G 147.015","Frequency":147.015,"Duplex":"+","Offset":0.6,"Tone":"Tone","rToneFreq":107.2,"cToneFreq":88.5,"DtcsCode":23,"DtcsRxCode":23,"DtcsPolarity":"NN","Mode":"FM","TStep":5,"Comment":"NX0G 147.015 CO Teller Cripple Creek"},{"Location":166,"Name":"NX0G 447.475","Frequency":447.475,"Duplex":"-","Offset":5,"Tone":"Tone","rToneFreq":107.2,"cToneFreq":88.5,"DtcsCode":23,"DtcsRxCode":23,"DtcsPolarity":"NN","Mode":"FM","TStep":5,"Comment":"NX0G 447.475 CO El Paso Colorado Springs"},{"Location":167,"Name":"NX0G 448.65","Frequency":448.65,"Duplex":"-","Offset":5,"Tone":"Tone","rToneFreq":107.2,"cToneFreq":88.5,"DtcsCode":23,"DtcsRxCode":23,"DtcsPolarity":"NN","Mode":"FM","TStep":5,"Comment":"NX0G 448.65 CO Teller Woodland Park"},{"Location":168,"Name":"W0ALC 147.36","Frequency":147.36,"Duplex":"+","Offset":0.6,"Tone":"Tone","rToneFreq":100,"cToneFreq":88.5,"DtcsCode":23,"DtcsRxCode":23,"DtcsPolarity":"NN","Mode":"FM","TStep":5,"Comment":"W0ALC 147.36 CO Delta Cedaredge"},{"Location":169,"Name":"W0ALC 449.825","Frequency":449.825,"Duplex":"-","Offset":5,"Tone":"Tone","rToneFreq":100,"cToneFreq":88.5,"DtcsCode":23,"DtcsRxCode":23,"DtcsPolarity":"NN","Mode":"FM","TStep":5,"Comment":"W0ALC 449.825 CO Delta Cedaredge"},{"Location":170,"Name":"W0CFI 448.675","Frequency":448.675,"Duplex":"-","Offset":5,"Tone":"TSQL","rToneFreq":100,"cToneFreq":100,"DtcsCode":23,"DtcsRxCode":23,"DtcsPolarity":"NN","Mode":"FM","TStep":5,"Comment":"W0CFI 448.675 CO Denver Idaho Springs, Squaw Mountain"},{"Location":171,"Name":"W0CRA 145.145","Frequency":145.145,"Duplex":"-","Offset":0.6,"Tone":"TSQL","rToneFreq":107.2,"cToneFreq":107.2,"DtcsCode":23,"DtcsRxCode":23,"DtcsPolarity":"NN","Mode":"FM","TStep":5,"Comment":"W0CRA 145.145 CO Clear Creek Idaho Springs, Squaw Mountain"},{"Location":172,"Name":"W0CRA 145.16","Frequency":145.16,"Duplex":"-","Offset":0.6,"Tone":"TSQL","rToneFreq":107.2,"cToneFreq":107.2,"DtcsCode":23,"DtcsRxCode":23,"DtcsPolarity":"NN","Mode":"FM","TStep":5,"Comment":"W0CRA 145.16 CO El Paso Colorado Springs, Cheyenne Mountain"},{"Location":173,"Name":"W0CRA 147.225","Frequency":147.225,"Duplex":"+","Offset":0.6,"Tone":"TSQL","rToneFreq":107.2,"cToneFreq":107.2,"DtcsCode":23,"DtcsRxCode":23,"DtcsPolarity":"NN","Mode":"FM","TStep":5,"Comment":"W0CRA 147.225 CO Douglas Larkspur, Westcreek"},{"Location":174,"Name":"W0CRA 447.575","Frequency":447.575,"Duplex":"-","Offset":5,"Tone":"TSQL","rToneFreq":107.2,"cToneFreq":107.2,"DtcsCode":23,"DtcsRxCode":23,"DtcsPolarity":"NN","Mode":"FM","TStep":5,"Comment":"W0CRA 447.575 CO Clear Creek Idaho Springs, Squaw Mountain"},{"Location":175,"Name":"W0CRA 448.425","Frequency":448.425,"Duplex":"-","Offset":5,"Tone":"TSQL","rToneFreq":107.2,"cToneFreq":107.2,"DtcsCode":23,"DtcsRxCode":23,"DtcsPolarity":"NN","Mode":"FM","TStep":5,"Comment":"W0CRA 448.425 CO Douglas Larkspur, Westcreek"},{"Location":176,"Name":"W0MOG 147.39","Frequency":147.39,"Duplex":"+","Offset":0.6,"Tone":"Tone","rToneFreq":103.5,"cToneFreq":88.5,"DtcsCode":23,"DtcsRxCode":23,"DtcsPolarity":"NN","Mode":"FM","TStep":5,"Comment":"W0MOG 147.39 CO El Paso Colorado Springs"},{"Location":177,"Name":"W0MOG 224.72","Frequency":224.72,"Duplex":"-","Offset":1.6,"Tone":"TSQL","rToneFreq":103.5,"cToneFreq":103.5,"DtcsCode":23,"DtcsRxCode":23,"DtcsPolarity":"NN","Mode":"FM","TStep":5,"Comment":"W0MOG 224.72 CO El Paso Colorado springs"},{"Location":178,"Name":"W0MOG 448.6","Frequency":448.6,"Duplex":"-","Offset":5,"Tone":"Tone","rToneFreq":114.8,"cToneFreq":88.5,"DtcsCode":23,"DtcsRxCode":23,"DtcsPolarity":"NN","Mode":"FM","TStep":5,"Comment":"W0MOG 448.6 CO El Paso Colorado Springs"},{"Location":179,"Name":"W0RSH 146.85","Frequency":146.85,"Duplex":"-","Offset":0.6,"Tone":"Tone","rToneFreq":103.5,"cToneFreq":88.5,"DtcsCode":23,"DtcsRxCode":23,"DtcsPolarity":"NN","Mode":"FM","TStep":5,"Comment":"W0RSH 146.85 CO El Paso Colorado Springs"},{"Location":180,"Name":"W0TX 145.49","Frequency":145.49,"Duplex":"-","Offset":0.6,"Tone":"TSQL","rToneFreq":100,"cToneFreq":100,"DtcsCode":23,"DtcsRxCode":23,"DtcsPolarity":"NN","Mode":"FM","TStep":5,"Comment":"W0TX 145.49 CO Jefferson Idaho Springs, Centennial Cone"},{"Location":181,"Name":"W0TX 449.35","Frequency":449.35,"Duplex":"-","Offset":5,"Tone":"TSQL","rToneFreq":100,"cToneFreq":100,"DtcsCode":23,"DtcsRxCode":23,"DtcsPolarity":"NN","Mode":"FM","TStep":5,"Comment":"W0TX 449.35 CO Clear Creek Idaho Springs, Squaw Mountain"},{"Location":182,"Name":"W0VTL 147.12","Frequency":147.12,"Duplex":"+","Offset":0.6,"Tone":"","rToneFreq":88.5,"cToneFreq":88.5,"DtcsCode":23,"DtcsRxCode":23,"DtcsPolarity":"NN","Mode":"FM","TStep":5,"Comment":"W0VTL 147.12 CO Gunnison Gunnison"},{"Location":183,"Name":"W0WYX 146.94","Frequency":146.94,"Duplex":"-","Offset":0.6,"Tone":"TSQL","rToneFreq":103.5,"cToneFreq":103.5,"DtcsCode":23,"DtcsRxCode":23,"DtcsPolarity":"NN","Mode":"FM","TStep":5,"Comment":"W0WYX 146.94 CO Clear Creek Idaho Springs, Squaw Mountain"},{"Location":184,"Name":"W5SF 147.08","Frequency":147.08,"Duplex":"+","Offset":0.6,"Tone":"Tone","rToneFreq":162.2,"cToneFreq":88.5,"DtcsCode":23,"DtcsRxCode":23,"DtcsPolarity":"NN","Mode":"FM","TStep":5,"Comment":"W5SF 147.08 NM Rio Arriba Chama, Overlook Mtn"},{"Location":185,"Name":"WA4HND 447.2","Frequency":447.2,"Duplex":"-","Offset":5,"Tone":"TSQL","rToneFreq":107.2,"cToneFreq":107.2,"DtcsCode":23,"DtcsRxCode":23,"DtcsPolarity":"NN","Mode":"FM","TStep":5,"Comment":"WA4HND 447.2 CO Montrose Montrose, Waterdog Peak"},{"Location":186,"Name":"WA6IFI 447.55","Frequency":447.55,"Duplex":"-","Offset":5,"Tone":"Tone","rToneFreq":123,"cToneFreq":88.5,"DtcsCode":23,"DtcsRxCode":23,"DtcsPolarity":"NN","Mode":"FM","TStep":5,"Comment":"WA6IFI 447.55 CO El Paso Colorado Springs"},{"Location":187,"Name":"WB0QMR 146.7","Frequency":146.7,"Duplex":"-","Offset":0.6,"Tone":"Tone","rToneFreq":107.2,"cToneFreq":88.5,"DtcsCode":23,"DtcsRxCode":23,"DtcsPolarity":"NN","Mode":"FM","TStep":5,"Comment":"WB0QMR 146.7 CO Summit Breckenridge"},{"Location":188,"Name":"WB0TUB 146.88","Frequency":146.88,"Duplex":"-","Offset":0.6,"Tone":"Tone","rToneFreq":100,"cToneFreq":88.5,"DtcsCode":23,"DtcsRxCode":23,"DtcsPolarity":"NN","Mode":"FM","TStep":5,"Comment":"WB0TUB 146.88 CO Jefferson Centennial, Warren Mountain"},{"Location":189,"Name":"WB0TUB 449.6","Frequency":449.6,"Duplex":"-","Offset":5,"Tone":"Tone","rToneFreq":100,"cToneFreq":88.5,"DtcsCode":23,"DtcsRxCode":23,"DtcsPolarity":"NN","Mode":"FM","TStep":5,"Comment":"WB0TUB 449.6 CO Jefferson Centennial, Warren Mountain"},{"Location":190,"Name":"WB0WDF 145.46","Frequency":145.46,"Duplex":"-","Offset":0.6,"Tone":"Tone","rToneFreq":67,"cToneFreq":88.5,"DtcsCode":23,"DtcsRxCode":23,"DtcsPolarity":"NN","Mode":"FM","TStep":5,"Comment":"WB0WDF 145.46 CO Teller Cripple Creek"},{"Location":191,"Name":"WB0WDF 224.94","Frequency":224.94,"Duplex":"-","Offset":1.6,"Tone":"Tone","rToneFreq":67,"cToneFreq":88.5,"DtcsCode":23,"DtcsRxCode":23,"DtcsPolarity":"NN","Mode":"FM","TStep":5,"Comment":"WB0WDF 224.94 CO Teller Cripple Creek"},{"Location":192,"Name":"WB0WDF 447.4","Frequency":447.4,"Duplex":"-","Offset":5,"Tone":"Tone","rToneFreq":67,"cToneFreq":88.5,"DtcsCode":23,"DtcsRxCode":23,"DtcsPolarity":"NN","Mode":"FM","TStep":5,"Comment":"WB0WDF 447.4 CO Teller Cripple Creek"},{"Location":193,"Name":"WB0WDF 449","Frequency":449,"Duplex":"-","Offset":5,"Tone":"TSQL","rToneFreq":67,"cToneFreq":67,"DtcsCode":23,"DtcsRxCode":23,"DtcsPolarity":"NN","Mode":"FM","TStep":5,"Comment":"WB0WDF 449 CO Fremont Canon City, eightmile Mountain"},{"Location":194,"Name":"WD0EKR 145.49","Frequency":145.49,"Duplex":"-","Offset":0.6,"Tone":"TSQL","rToneFreq":103.5,"cToneFreq":103.5,"DtcsCode":23,"DtcsRxCode":23,"DtcsPolarity":"NN","Mode":"FM","TStep":5,"Comment":"WD0EKR 145.49 CO Fremont Canon City, Fremont Peak"},{"Location":195,"Name":"WD0EKR 223.96","Frequency":223.96,"Duplex":"-","Offset":1.6,"Tone":"TSQL","rToneFreq":103.5,"cToneFreq":103.5,"DtcsCode":23,"DtcsRxCode":23,"DtcsPolarity":"NN","Mode":"FM","TStep":5,"Comment":"WD0EKR 223.96 CO Fremont Canon City, Fremont Peak"},{"Location":196,"Name":"WD0EKR 447.75","Frequency":447.75,"Duplex":"-","Offset":5,"Tone":"TSQL","rToneFreq":103.5,"cToneFreq":103.5,"DtcsCode":23,"DtcsRxCode":23,"DtcsPolarity":"NN","Mode":"FM","TStep":5,"Comment":"WD0EKR 447.75 CO Fremont Canon City, Fremont Peak"},{"Location":197,"Name":"WR0AEN 449","Frequency":449,"Duplex":"-","Offset":5,"Tone":"TSQL","rToneFreq":136.5,"cToneFreq":136.5,"DtcsCode":23,"DtcsRxCode":23,"DtcsPolarity":"NN","Mode":"FM","TStep":5,"Comment":"WR0AEN 449 CO Clear Creek Idaho Springs, Squaw Mountain"},{"Location":198,"Name":"WZ0N 447.125","Frequency":447.125,"Duplex":"-","Offset":5,"Tone":"TSQL","rToneFreq":103.5,"cToneFreq":103.5,"DtcsCode":23,"DtcsRxCode":23,"DtcsPolarity":"NN","Mode":"FM","TStep":5,"Comment":"WZ0N 447.125 CO Park Fairplay, Sacramento Mountain"},{"Location":199,"Name":"WZ0N 449.925","Frequency":449.925,"Duplex":"-","Offset":5,"Tone":"TSQL","rToneFreq":103.5,"cToneFreq":103.5,"DtcsCode":23,"DtcsRxCode":23,"DtcsPolarity":"NN","Mode":"FM","TStep":5,"Comment":"WZ0N 449.925 CO Chaffee Salida, Methodist Mountain"}]