[{"Name":"KB0VJJ 147.285","Location":"CO Chaffee Salida, Methodist Mountain","Nets":"Central Colorado Traffic Net: Daily at 19:30. \nColorado Connection Net (All Welcome): Thu at 20:00. \nStatewide ARES Net: Sun at 20:00."},{"Name":"K0JSC 449.975","Location":"CO Chaffee Salida, Methodist Mountain","Nets":"APRS Net: Sun at 19:00. \nRegion 5 District 2 ARES Net: Sun at 19:30. \nStatewide ARES Net: Sun at 20:00. \nRegion 5 District 1 ARES Net: Mon at 19:00. \nRGARC Net: Wed at 19:00."},{"Name":"KB0VJJ 145.445","Location":"CO Lake Leadville, Mosquito Pass","Nets":"Central Colorado Traffic Net: Daily at 19:30. \nColorado Connection Net (all welcome): Thu at 20:00. \nStatewide ARES: Sun at 20:00."},{"Name":"NX0G 146.685","Location":"CO Park Lake George, Badger Mountain","Nets":"MARC/PCRC: Tue at 19:30."},{"Name":"K0JSC 447.25","Location":"CO Fremont Canon City, Fremont Peak","Nets":"Region 2 District 2 ARES Net: Tue at 19:00. \nEOSS Net: Tue at 20:00. \nRGARC Net: Wed at 19:00. \nRegion 5 District 1 ARES Net: Wed at 19:30. \nAPRS Net: Sun at 19:00. \nRegion 5 District 2 ARES Net: Sun at 19:30. \nStatewide ARES Net: Sun at 20:00."},{"Name":"WD0EKR 145.49","Location":"CO Fremont Canon City, Fremont Peak","Nets":"RGARC Net: Wed at 19:00. \nARES Net: Wed at 19:30."},{"Name":"K0JSC 447.975","Location":"CO Fremont Canon City, Colorado","Nets":"Region 2 District 2 ARES Net: Tue at 19:00. \nEOSS Net: Tue at 20:00. \nRGARC Net: Wed at 19:00. \nRegion 5 District 1 ARES Net: Wed at 19:30. \nAPRS Net: Sun at 19:00. \nRegion 5 District 2 ARES Net: Sun at 19:30. \nStatewide ARES Net: Sun at 20:00."},{"Name":"NX0G 147.015","Location":"CO Teller Cripple Creek","Nets":"MARC/PCRC: Tue at 19:30."},{"Name":"KB0VJJ 147.39","Location":"CO Summit Breckenridge, Bald Mountain","Nets":"Central Colorado Traffic Net: Daily at 19:30. \nColorado Connection Net (all welcome): Thu at 20:00. \nStatewide ARES: Sun at 20:00."},{"Name":"KB0SRJ 146.97","Location":"CO El Paso Colorado Springs, Pikes Peak","Nets":"Southern Colorado Traffic: Daily at 2000. \nMidday Severe Weather: Daily 1230 - 1240. \nPPFMA Weekly Info: Sun at 2030. \nARES: Tue at 1900. \nSKYWARN."},{"Name":"NX0G 146.82","Location":"CO Teller Woodland Park","Nets":"MARC/PCRC: Tue at 19:30."},{"Name":"NX0G 448.65","Location":"CO Teller Woodland Park","Nets":"MARC/PCRC: Tue at 19:30."},{"Name":"KA4EPS 449.325","Location":"CO Teller Woodland Park, Paradise Pines","Nets":"Sunday 1500 MST\nTuesday 1730 MST"},{"Name":"AB0PC 146.895","Location":"CO Park Bailey, Dick Mountain","Nets":"Wed at 19:30."},{"Name":"WA4HND 447.2","Location":"CO Montrose Montrose, Waterdog Peak","Nets":"RACES Net Wed at 1930 Hrs."},{"Name":"KB0VJJ 147.345","Location":"CO Eagle Vail","Nets":"Central Colorado Traffic Net: Daily at 19:3030 \nColorado Connection Net (All Welcome):  Thu at 20:00. \nStatewide ARES net: Sun at 20:00."},{"Name":"KB0VJJ 145.13","Location":"CO El Paso Colorado Springs, Cheyenne Mountain","Nets":"Colorado Traffic Net: Daily at 19:00. \nColorado Connection Net (all welcome): Thu at 20:00. \nStatewide ARES: Sun at 20:00. \nColorado Preparedness Net: Sat at 09:30"},{"Name":"W0CRA 147.225","Location":"CO Douglas Larkspur, Westcreek","Nets":"CRA Net, Sunday 9AM"},{"Name":"NX0G 447.475","Location":"CO El Paso Colorado Springs","Nets":"MARC/PCRC: Tue at 1930."},{"Name":"N0XLF 145.19","Location":"CO Douglas Palmer Lake, Monument Hill","Nets":"Tri Lakes Net: Mon at 19:30 (except third Monday of the month which is the regular radio club meeting)."},{"Name":"KB0VJJ 146.85","Location":"CO Garfield Glenwood Springs, Sunlight Peak","Nets":"Daily 7:30PM Local Time Central Colorado Traffic Net Thursdays 8:00PM Colorado Connection Net All Welcome Sundays 8:00PM Statewide ARES net"},{"Name":"WA4HND 449.85","Location":"CO Garfield Glenwood Springs, Lookout Mountain","Nets":"Colorado State RACES  Wed 1930 local"},{"Name":"KB0UDD 146.67","Location":"CO Clear Creek Idaho Springs, Squaw Mountain","Nets":"CRRG/QCWA: Sun at 0930. Southern Metro LDS Ham Group: Sun at 1900. ARES23: Thu at 1930. ARES13: Sun at 2000."},{"Name":"W0TX 145.49","Location":"CO Jefferson Idaho Springs, Centennial Cone","Nets":"DRC: Sun at 20:30."},{"Name":"K1DUN 449.45","Location":"CO Clear Creek Idaho Springs, Squaw Mountain","Nets":"RMRL: Mon at 20:30."},{"Name":"W0WYX 146.94","Location":"CO Clear Creek Idaho Springs, Squaw Mountain","Nets":"Colorado WX: Daily at 06:30. \nRMRL: Mod at 20:30. \nAstronomy: Tue at 19:00. \nAmateur Radio Events: Tue at 20:00."},{"Name":"K0JSC 447.275","Location":"CO Pueblo Pueblo, Metro","Nets":"APRS Net: Sun at 19:00. \nRegion 5 District 2 ARES Net: Sun at 19:30. \nStatewide ARES Net: Sun at 20:00. \nRegion 5 District 1 ARES Net: Mon at 19:00. \nEOSS Net: Tue at 20:00. \nRGARC Net: Wed at 19:00."},{"Name":"KB0VJJ 145.355","Location":"CO Mesa Grand Junction, Grand Mesa","Nets":"Central Colorado Traffic Net: Daily at 19:30. \nColorado Connection Net (all welcome): Thu at 20:00. \nStatewide ARES: Sun at 20:00."},{"Name":"K0FEZ 146.985","Location":"CO Denver Golden, Centennial Cone","Nets":"RADOPS: Sun at 19:00."},{"Name":"W0TX 448.625","Location":"CO Jefferson Golden, Centennial Cone","Nets":"DRC: Sun at 20:30."},{"Name":"KE0SJ 145.28","Location":"CO Jefferson Golden, Centennial Cone","Nets":"Sun at 19:30. Everyone welcome."},{"Name":"KB0YNA 449.7","Location":"CO San Miguel Telluride, Gray Head","Nets":"RACES: Wed at 19:30."},{"Name":"W0CBI 147.15","Location":"CO Jefferson Golden, Guy Hill","Nets":"ARA: Wed at 20:00."},{"Name":"K0IBM 448.85","Location":"CO Jefferson Golden, Guy Hill","Nets":"ARA: Wed at 20:00."},{"Name":"N0POH 224.74","Location":"CO Jefferson Golden, Guy Hill","Nets":"ARA: Wed at 2000."},{"Name":"W0TX 147.33","Location":"CO Jefferson Lakewood, Green Mountain","Nets":"SATERN: Thu at 19:30."},{"Name":"KB0VGD 446.975","Location":"CO Jefferson Golden, Table Mountain","Nets":"Tac 310 Net, Sundays 18:00 Mountain Time, TS1, TG 310."},{"Name":"KB0VJJ 145.31","Location":"CO Gilpin Boulder, Thorodin Mountain","Nets":"Colorado Traffic Net: Daily at 19:30. \nColorado Connection Net (all welcome): Thu at 20:00. \nStatewide ARES: Sun at 20:00."},{"Name":"KD0SSP 147.21","Location":"CO Jefferson Lakewood, Moffat Treatment Plant","Nets":"DVARC: Thu at 15:30. The net allows DWARC members the ability to test the radio capabilities as well as policies and procedures. This NET is a work in progress and has a good possibility to change times and locations."},{"Name":"K0JSC 449.975","Location":"CO Pueblo Pueblo, Cedarwood","Nets":"APRS Net: Sun at 19:00. \nRegion 5 District 2 ARES Net: Sun at 19:30. \nStatewide ARES Net: Sun at 20:00. \nRegion 5 District 1 ARES Net: Mon at 19:00.  \nRGARC Net: Wed at 19:00."},{"Name":"KB0VJJ 147.075","Location":"CO Grand Kremmling, Santoy Peak","Nets":"Colorado Traffic Net: Daily at 19:30. \nColorado Connection Net (all welcome): Thu at 20:00. \nStatewide ARES: Sun at 20:00."},{"Name":"N0OBA 145.19","Location":"CO Arapahoe Aurora","Nets":"\"Tri Lakes Net\" This net is held every Monday at 7:30pm local (except on the third Monday of the month when we have our regular radio club meeting.)"},{"Name":"WA4HND 449.3","Location":"CO Mesa Grand Junction, Grand Mesa","Nets":"RACES Wed 1930 hrs"},{"Name":"W0WYX 449.825","Location":"CO Boulder Broomfield","Nets":"Colorado WX: Daily at 06:30. \nRMRL: Mod at 20:30. \nAstronomy: Tue at 19:00. \nAmateur Radio Events: Tue at 20:00."},{"Name":"W0JZ 146.91","Location":"CO Boulder Gold Hill","Nets":"Summer Tue at 19:30P, Winter 19:00."},{"Name":"KB0VJJ 147.345","Location":"CO La Plata Durango, Missionary Ridge","Nets":"Central Colorado Traffic Net: Daily at 19:30.  \nColorado Connection Net (All Welcome): Thu at 20:00. \nStatewide ARES: Sun at 20:00."},{"Name":"K0GUR 448.15","Location":"CO Denver Denver, Green Valley Ranch","Nets":"APRS Net: Sun at 19:00. \nRegion 5 District 2 ARES Net: Sun at 19:30. \nStatewide ARES Net: Sun at 20:00. \nRegion 5 District 1 ARES Net: Mon at 19:00. \nRGARC Net: Wed at 19:00."},{"Name":"KB0YNA 449.4","Location":"CO Mesa Delta, Uncompahgre Butte","Nets":"RACES Wed 1930 Hrs"},{"Name":"W0ENO 448.8","Location":"CO Boulder Longmont","Nets":"LARC: Sun at 20:00."},{"Name":"N0FH 449.8","Location":"CO Larimer Estes Park","Nets":"ARES D-10: Thu at 19:00."},{"Name":"N0FH 146.685","Location":"CO Larimer Estes Park","Nets":"ARES D-10: Thu at 19:00."},{"Name":"KB0VJJ 449.625","Location":"CO Routt Steamboat Springs","Nets":"Central Colorado Traffic Net: Daily at 19:30. \nColorado Connection Net: Thu at 20:00 (All welcome).  \nStatewide ARES Net: Sundays at 20:00."},{"Name":"WA4HND 449.575","Location":"CO Mesa Grand Junction, Black Ridge","Nets":"Wed RACES Net 1930 Hrs"},{"Name":"W0RRZ 146.94","Location":"CO Mesa Grand Junction, Black Ridge (Above Colorado Ntl Monument)","Nets":"Oatmeal Net: Mon-Fri at 7:30AM-8:00AM"},{"Name":"KB0VJJ 145.16","Location":"CO Jackson Walden, Peterson Ridge","Nets":"Central Colorado Traffic Net: Daily at 19:30. \nColorado Connection Net (all welcome): Thu at 20:00. \nStatewide ARES: Sun at 20:00."},{"Name":"N0AOL 446.7375","Location":"CO Larimer Fort Collins","Nets":"DMR World Wide Net: Sat at 10:00. \nTS 1 Group Call 1 http://www.dmr-marc.net/ \nTac 310 Net: Sun at 18:00, TS 1 Group Call 310 ."},{"Name":"KD5LWU 146.79","Location":"CO Montezuma Cortez, Downtown","Nets":4},{"Name":"W0DMR 147.39","Location":"CO Larimer Fort Collins, Timnath","Nets":"Tac 310 Net: Sun at 18:00."},{"Name":"KE0AE 147.06","Location":"CO Lincoln Genoa","Nets":"Big Sandy Net: Wed 19:00"},{"Name":"K7QEQ 449.1","Location":"UT Grand Moab, Bald Mesa","Nets":"RACES Wed. 1930 hours"},{"Name":"W5PDO 146.88","Location":"NM Los Alamos Los Alamos, Barranca Mesa","Nets":"LAARC: Sun at 2000."},{"Name":"W5SF 145.19","Location":"NM Los Alamos Los Alamos, Pajarito Mountain","Nets":"Northern New Mexico Amateur Radio Net: Mon at 20:30."},{"Name":"KC7SNO 146.775","Location":"WY Laramie Cheyenne, Denver Hill","Nets":"Weather Net: Daily at 06:45. \nShy-WY ARC: Sun at 07:00."},{"Name":"KC7SNO 146.82","Location":"WY Albany Laramie, Beacon Hill","Nets":"Shy-WY ARC: Thu at 19:00."},{"Name":"KB0VJJ 145.4","Location":"CO Washington Akron","Nets":"Colorado Traffic Net: Daily at 19:30. \nColorado Connection Net (all welcome): Thu at 20:00. \nStatewide ARES: Sun at 20:00."},{"Name":"NM5SC 443.1","Location":"NM Sandoval San Ysidro, Pajarito Peak","Nets":"Sandoval County ARES: Mon at 19:30."},{"Name":"N7RUG 146.61","Location":"WY Sweetwater Rock Springs, Aspen Mountain","Nets":"Sun at 19:30."}]